{
    "DataType": "PotData",
    "DataVersion": 0,
    "GameVersion": "0.3.3f12",
    "GUID": "d353208f-ee10-4608-a40d-0059187e523c",
    "ItemString": "{\n    \"DataType\": \"ItemData\",\n    \"DataVersion\": 0,\n    \"GameVersion\": \"0.3.3f12\",\n    \"ID\": \"growtent\",\n    \"Quantity\": 1\n}",
    "LoadOrder": 0,
    "GridGUID": "d47666ba-6076-4779-9c8a-ffede5ff83ad",
    "OriginCoordinate": {
        "x": 0.0,
        "y": 9.0
    },
    "Rotation": 90,
    "SoilID": "extralonglifesoil",
    "SoilLevel": 20.0,
    "RemainingSoilUses": 2,
    "WaterLevel": 0.0,
    "AppliedAdditives": [],
    "PlantData": {
        "DataType": "PlantData",
        "DataVersion": 0,
        "GameVersion": "0.3.3f12",
        "SeedID": "greencrackseed",
        "GrowthProgress": 1.0,
        "YieldLevel": 0.6700000166893005,
        "QualityLevel": 0.44999998807907107,
        "ActiveBuds": [
            0,
            1,
            3,
            6,
            7,
            9,
            10,
            11
        ]
    }
}