{
    "DataType": "PotData",
    "DataVersion": 0,
    "GameVersion": "0.3.3f12",
    "GUID": "82fff168-6d1e-4bef-91a8-e957f362799c",
    "ItemString": "{\n    \"DataType\": \"ItemData\",\n    \"DataVersion\": 0,\n    \"GameVersion\": \"0.3.3f12\",\n    \"ID\": \"growtent\",\n    \"Quantity\": 1\n}",
    "LoadOrder": 0,
    "GridGUID": "0fc3eff1-af4f-471f-9c19-795996b7fdab",
    "OriginCoordinate": {
        "x": 3.0,
        "y": 11.0
    },
    "Rotation": 180,
    "SoilID": "extralonglifesoil",
    "SoilLevel": 20.0,
    "RemainingSoilUses": 2,
    "WaterLevel": 0.0,
    "AppliedAdditives": [],
    "PlantData": {
        "DataType": "PlantData",
        "DataVersion": 0,
        "GameVersion": "0.3.3f12",
        "SeedID": "greencrackseed",
        "GrowthProgress": 1.0,
        "YieldLevel": 0.6700000166893005,
        "QualityLevel": 0.44999998807907107,
        "ActiveBuds": [
            0,
            1,
            3,
            6,
            7,
            9,
            10,
            11
        ]
    }
}