{
    "DataType": "BotanistData",
    "DataVersion": 0,
    "GameVersion": "0.3.3f12",
    "ID": "nick_hill",
    "AssignedProperty": "bungalow",
    "FirstName": "Nick",
    "LastName": "Hill",
    "IsMale": true,
    "AppearanceIndex": 1,
    "Position": {
        "x": -167.5977783203125,
        "y": -3.996476411819458,
        "z": 107.48639678955078
    },
    "Rotation": {
        "x": 0.0,
        "y": 0.30442941188812258,
        "z": 0.0,
        "w": 0.9525349140167236
    },
    "GUID": "b95b7f92-9983-4ee6-b5f2-2f3936a6ea5e",
    "PaidForToday": false,
    "MoveItemData": {
        "GrabbedItemID": "",
        "GrabbedItemQuantity": 0,
        "SourceGUID": "",
        "DestinationGUID": ""
    }
}