{
    "DataType": "BotanistData",
    "DataVersion": 0,
    "GameVersion": "0.3.3f12",
    "ID": "mark_brown",
    "AssignedProperty": "bungalow",
    "FirstName": "Mark",
    "LastName": "Brown",
    "IsMale": true,
    "AppearanceIndex": 3,
    "Position": {
        "x": -168.5758056640625,
        "y": -4.0327677726745609,
        "z": 109.11746978759766
    },
    "Rotation": {
        "x": 0.0,
        "y": 0.7001876831054688,
        "z": 0.0,
        "w": 0.7139587998390198
    },
    "GUID": "9804ab5b-9200-4737-bf40-ae6ab4147937",
    "PaidForToday": false,
    "MoveItemData": {
        "GrabbedItemID": "",
        "GrabbedItemQuantity": 0,
        "SourceGUID": "",
        "DestinationGUID": ""
    }
}