{
    "DataType": "BotanistData",
    "DataVersion": 0,
    "GameVersion": "0.3.3f12",
    "ID": "brandon_sanchez",
    "AssignedProperty": "bungalow",
    "FirstName": "Brandon",
    "LastName": "Sanchez",
    "IsMale": true,
    "AppearanceIndex": 6,
    "Position": {
        "x": -168.8508758544922,
        "y": -4.007361888885498,
        "z": 111.54090881347656
    },
    "Rotation": {
        "x": 0.0,
        "y": 0.6669772863388062,
        "z": 0.0,
        "w": 0.7450781464576721
    },
    "GUID": "5cc8b321-be81-4e6a-9687-1be4406a354e",
    "PaidForToday": false,
    "MoveItemData": {
        "GrabbedItemID": "",
        "GrabbedItemQuantity": 0,
        "SourceGUID": "",
        "DestinationGUID": ""
    }
}