{
    "DataType": "BotanistData",
    "DataVersion": 0,
    "GameVersion": "0.3.3f12",
    "ID": "melissa_brown",
    "AssignedProperty": "bungalow",
    "FirstName": "Melissa",
    "LastName": "Brown",
    "IsMale": false,
    "AppearanceIndex": 3,
    "Position": {
        "x": -168.64419555664063,
        "y": -4.009878158569336,
        "z": 107.82244873046875
    },
    "Rotation": {
        "x": 0.0,
        "y": 0.5728808641433716,
        "z": 0.0,
        "w": 0.819638729095459
    },
    "GUID": "1073d4b5-f47f-4f4d-8f9e-ff7b36050377",
    "PaidForToday": false,
    "MoveItemData": {
        "GrabbedItemID": "",
        "GrabbedItemQuantity": 0,
        "SourceGUID": "",
        "DestinationGUID": ""
    }
}