{
    "DataType": "BotanistData",
    "DataVersion": 0,
    "GameVersion": "0.3.3f12",
    "ID": "john_moore",
    "AssignedProperty": "bungalow",
    "FirstName": "John",
    "LastName": "Moore",
    "IsMale": true,
    "AppearanceIndex": 1,
    "Position": {
        "x": -168.6254119873047,
        "y": -4.04802131652832,
        "z": 110.6747817993164
    },
    "Rotation": {
        "x": 0.0,
        "y": 0.6946525573730469,
        "z": 0.0,
        "w": 0.7193454504013062
    },
    "GUID": "47817a80-d196-41e2-a6b8-4f368cafbb46",
    "PaidForToday": false,
    "MoveItemData": {
        "GrabbedItemID": "",
        "GrabbedItemQuantity": 0,
        "SourceGUID": "",
        "DestinationGUID": ""
    }
}