{
    "DataType": "PotData",
    "DataVersion": 0,
    "GameVersion": "0.3.3f12",
    "GUID": "22943e5e-c7a5-4c71-8681-9608c2efcaea",
    "ItemString": "{\n    \"DataType\": \"ItemData\",\n    \"DataVersion\": 0,\n    \"GameVersion\": \"0.3.3f12\",\n    \"ID\": \"growtent\",\n    \"Quantity\": 1\n}",
    "LoadOrder": 0,
    "GridGUID": "890b4b1a-139d-459d-86fe-78bc90f3adc6",
    "OriginCoordinate": {
        "x": 5.0,
        "y": 5.0
    },
    "Rotation": 180,
    "SoilID": "extralonglifesoil",
    "SoilLevel": 20.0,
    "RemainingSoilUses": 2,
    "WaterLevel": 0.0,
    "AppliedAdditives": [],
    "PlantData": {
        "DataType": "PlantData",
        "DataVersion": 0,
        "GameVersion": "0.3.3f12",
        "SeedID": "greencrackseed",
        "GrowthProgress": 1.0,
        "YieldLevel": 0.6700000166893005,
        "QualityLevel": 0.44999998807907107,
        "ActiveBuds": [
            0,
            1,
            3,
            6,
            7,
            9,
            10,
            11
        ]
    }
}